Index,well_barcode_name,well_barcode_sequence,Barcode_well,Barcode_plate,Quadrant,Fluidigm_barcode_plate,well_id
01A,FLD0001,GTATCGTCGT,A1,A1,Q1,A1_A2,Well_001
01C,FLD0002,GTGTATGCGT,B1,A1,Q1,A1_A2,Well_002
01E,FLD0003,TGCTCGTAGT,C1,A1,Q1,A1_A2,Well_003
01G,FLD0004,GTCGTCGTCT,D1,A1,Q1,A1_A2,Well_004
01I,FLD0005,GTGCGTGTGT,E1,A1,Q1,A1_A2,Well_005
01K,FLD0006,GCGTCGTGTA,F1,A1,Q1,A1_A2,Well_006
01M,FLD0007,GTCGTGTACT,G1,A1,Q1,A1_A2,Well_007
01O,FLD0008,GATGTAGCGT,H1,A1,Q1,A1_A2,Well_008
03A,FLD0009,GAGTGATCGT,A2,A1,Q1,A1_A2,Well_009
03C,FLD0010,CGCTATCAGT,B2,A1,Q1,A1_A2,Well_010
03E,FLD0011,CGCTGTAGTC,C2,A1,Q1,A1_A2,Well_011
03G,FLD0012,GCTAGTGAGT,D2,A1,Q1,A1_A2,Well_012
03I,FLD0013,GAGCTAGTGA,E2,A1,Q1,A1_A2,Well_013
03K,FLD0014,CGTGCTGTCA,F2,A1,Q1,A1_A2,Well_014
03M,FLD0015,GATCGTCTCT,G2,A1,Q1,A1_A2,Well_015
03O,FLD0016,GTGCTGTCGT,H2,A1,Q1,A1_A2,Well_016
05A,FLD0017,TGAGCGTGCT,A3,A1,Q1,A1_A2,Well_017
05C,FLD0018,CATGTCGTCA,B3,A1,Q1,A1_A2,Well_018
05E,FLD0019,TCAGTGTCTC,C3,A1,Q1,A1_A2,Well_019
05G,FLD0020,GTGCTCATGT,D3,A1,Q1,A1_A2,Well_020
05I,FLD0021,CGTATCTCGA,E3,A1,Q1,A1_A2,Well_021
05K,FLD0022,GTCATGCGTC,F3,A1,Q1,A1_A2,Well_022
05M,FLD0023,CTATGCGATC,G3,A1,Q1,A1_A2,Well_023
05O,FLD0024,TGCTATGCTG,H3,A1,Q1,A1_A2,Well_024
07A,FLD0025,TGTGTGCATG,A4,A1,Q1,A1_A2,Well_025
07C,FLD0026,GAGTGTCACT,B4,A1,Q1,A1_A2,Well_026
07E,FLD0027,CTAGTCTCGT,C4,A1,Q1,A1_A2,Well_027
07G,FLD0028,GAGTGCATCT,D4,A1,Q1,A1_A2,Well_028
07I,FLD0029,TGCGTAGTCG,E4,A1,Q1,A1_A2,Well_029
07K,FLD0030,CTGTGTCGTC,F4,A1,Q1,A1_A2,Well_030
07M,FLD0031,CTGTAGTGCG,G4,A1,Q1,A1_A2,Well_031
07O,FLD0032,GTGCGCTAGT,H4,A1,Q1,A1_A2,Well_032
09A,FLD0033,TGTGCTCGCA,A5,A1,Q1,A1_A2,Well_033
09C,FLD0034,GATGCGAGCT,B5,A1,Q1,A1_A2,Well_034
09E,FLD0035,CTGTACGTGA,C5,A1,Q1,A1_A2,Well_035
09G,FLD0036,GCGATGATGA,D5,A1,Q1,A1_A2,Well_036
09I,FLD0037,TGTCGAGTCA,E5,A1,Q1,A1_A2,Well_037
09K,FLD0038,GTCTACTGTC,F5,A1,Q1,A1_A2,Well_038
09M,FLD0039,CAGTCAGAGT,G5,A1,Q1,A1_A2,Well_039
09O,FLD0040,CGCAGTCTAT,H5,A1,Q1,A1_A2,Well_040
11A,FLD0041,GTATGAGCAC,A6,A1,Q1,A1_A2,Well_041
11C,FLD0042,CGAGTGCTGT,B6,A1,Q1,A1_A2,Well_042
11E,FLD0043,TATAGCACGC,C6,A1,Q1,A1_A2,Well_043
11G,FLD0044,TCATGCGCGA,D6,A1,Q1,A1_A2,Well_044
11I,FLD0045,TATGCGCTGC,E6,A1,Q1,A1_A2,Well_045
11K,FLD0046,TCTCTGTGCA,F6,A1,Q1,A1_A2,Well_046
11M,FLD0047,CTATCGCGTG,G6,A1,Q1,A1_A2,Well_047
11O,FLD0048,TACGCTGCTG,H6,A1,Q1,A1_A2,Well_048
13A,FLD0049,CTGCATGATC,A7,A1,Q1,A1_A2,Well_049
13C,FLD0050,CGCGTATCAT,B7,A1,Q1,A1_A2,Well_050
13E,FLD0051,GTATCTCTCG,C7,A1,Q1,A1_A2,Well_051
13G,FLD0052,GCTCATATGC,D7,A1,Q1,A1_A2,Well_052
13I,FLD0053,CACTATGTCG,E7,A1,Q1,A1_A2,Well_053
13K,FLD0054,TAGCGCGTAG,F7,A1,Q1,A1_A2,Well_054
13M,FLD0055,CGTCACAGTA,G7,A1,Q1,A1_A2,Well_055
13O,FLD0056,TCGCGTGAGA,H7,A1,Q1,A1_A2,Well_056
15A,FLD0057,TACATCGCTG,A8,A1,Q1,A1_A2,Well_057
15C,FLD0058,GTGAGAGACA,B8,A1,Q1,A1_A2,Well_058
15E,FLD0059,GACTGTACGT,C8,A1,Q1,A1_A2,Well_059
15G,FLD0060,GCACGTAGCT,D8,A1,Q1,A1_A2,Well_060
15I,FLD0061,TCACGCTATG,E8,A1,Q1,A1_A2,Well_061
15K,FLD0062,CGTACTACGT,F8,A1,Q1,A1_A2,Well_062
15M,FLD0063,CAGCTGAGTA,G8,A1,Q1,A1_A2,Well_063
15O,FLD0064,GAGATCAGTC,H8,A1,Q1,A1_A2,Well_064
17A,FLD0065,TACTGAGCTG,A9,A1,Q1,A1_A2,Well_065
17C,FLD0066,TAGTAGCGCG,B9,A1,Q1,A1_A2,Well_066
17E,FLD0067,GACGTCTGCT,C9,A1,Q1,A1_A2,Well_067
17G,FLD0068,GTACTCGCGA,D9,A1,Q1,A1_A2,Well_068
17I,FLD0069,TCTGAGCGCA,E9,A1,Q1,A1_A2,Well_069
17K,FLD0070,TAGACGTGCT,F9,A1,Q1,A1_A2,Well_070
17M,FLD0071,GTGACTCGTC,G9,A1,Q1,A1_A2,Well_071
17O,FLD0072,TCGAGTAGCG,H9,A1,Q1,A1_A2,Well_072
19A,FLD0073,CGTATGATGT,A10,A1,Q1,A1_A2,Well_073
19C,FLD0074,TAGTCTGTCA,B10,A1,Q1,A1_A2,Well_074
19E,FLD0075,TGTCTCTATC,C10,A1,Q1,A1_A2,Well_075
19G,FLD0076,CTAGAGTATC,D10,A1,Q1,A1_A2,Well_076
19I,FLD0077,TATCATGTGC,E10,A1,Q1,A1_A2,Well_077
19K,FLD0078,CATGAGTGTA,F10,A1,Q1,A1_A2,Well_078
19M,FLD0079,TGTCGTCATA,G10,A1,Q1,A1_A2,Well_079
19O,FLD0080,TATCTCATGC,H10,A1,Q1,A1_A2,Well_080
21A,FLD0081,TGTGTCACTA,A11,A1,Q1,A1_A2,Well_081
21C,FLD0082,TATCGATGCT,B11,A1,Q1,A1_A2,Well_082
21E,FLD0083,TAGAGTCTGT,C11,A1,Q1,A1_A2,Well_083
21G,FLD0084,CATGCATCAT,D11,A1,Q1,A1_A2,Well_084
21I,FLD0085,TGATCAGTCA,E11,A1,Q1,A1_A2,Well_085
21K,FLD0086,CGTCTATGAT,F11,A1,Q1,A1_A2,Well_086
21M,FLD0087,GTGATACTGA,G11,A1,Q1,A1_A2,Well_087
21O,FLD0088,CTAGATCTGA,H11,A1,Q1,A1_A2,Well_088
23A,FLD0089,TATCAGTCTG,A12,A1,Q1,A1_A2,Well_089
23C,FLD0090,TCAGATGCTA,B12,A1,Q1,A1_A2,Well_090
23E,FLD0091,TATGTACGTG,C12,A1,Q1,A1_A2,Well_091
23G,FLD0092,CTATACAGTG,D12,A1,Q1,A1_A2,Well_092
23I,FLD0093,TGATACTCTG,E12,A1,Q1,A1_A2,Well_093
23K,FLD0094,TCAGCGATAT,F12,A1,Q1,A1_A2,Well_094
23M,FLD0095,CTACTGATGA,G12,A1,Q1,A1_A2,Well_095
23O,FLD0096,GTAGTACACA,H12,A1,Q1,A1_A2,Well_096
01B,FLD0097,TGCTACATCA,A1,A2,Q2,A1_A2,Well_097
01D,FLD0098,AGTGTGTCTA,B1,A2,Q2,A1_A2,Well_098
01F,FLD0099,TCATATCGCG,C1,A2,Q2,A1_A2,Well_099
01H,FLD0100,TACGTATAGC,D1,A2,Q2,A1_A2,Well_100
01J,FLD0101,CAGCTATAGC,E1,A2,Q2,A1_A2,Well_101
01L,FLD0102,TCGATGCGCT,F1,A2,Q2,A1_A2,Well_102
01N,FLD0103,GCACGCGTAT,G1,A2,Q2,A1_A2,Well_103
01P,FLD0104,GCAGTATGCG,H1,A2,Q2,A1_A2,Well_104
03B,FLD0105,TGATAGAGAG,A2,A2,Q2,A1_A2,Well_105
03D,FLD0106,GCTACTAGCG,B2,A2,Q2,A1_A2,Well_106
03F,FLD0107,TGCGAGACGT,C2,A2,Q2,A1_A2,Well_107
03H,FLD0108,CGATGACAGA,D2,A2,Q2,A1_A2,Well_108
03J,FLD0109,GACTCATGCT,E2,A2,Q2,A1_A2,Well_109
03L,FLD0110,GTCTGATACG,F2,A2,Q2,A1_A2,Well_110
03N,FLD0111,ACTAGCTGTC,G2,A2,Q2,A1_A2,Well_111
03P,FLD0112,GCGTAGACGA,H2,A2,Q2,A1_A2,Well_112
05B,FLD0113,CTCAGCAGTG,A3,A2,Q2,A1_A2,Well_113
05D,FLD0114,CAGTCTACAT,B3,A2,Q2,A1_A2,Well_114
05F,FLD0115,TACTGCAGCG,C3,A2,Q2,A1_A2,Well_115
05H,FLD0116,TACACAGTAG,D3,A2,Q2,A1_A2,Well_116
05J,FLD0117,CACATACAGT,E3,A2,Q2,A1_A2,Well_117
05L,FLD0118,CACAGTGATG,F3,A2,Q2,A1_A2,Well_118
05N,FLD0119,CGAGCTAGCA,G3,A2,Q2,A1_A2,Well_119
05P,FLD0120,GAGACTATGC,H3,A2,Q2,A1_A2,Well_120
07B,FLD0121,CAGAGCTAGT,A4,A2,Q2,A1_A2,Well_121
07D,FLD0122,CGCAGAGCAT,B4,A2,Q2,A1_A2,Well_122
07F,FLD0123,TGTACAGCGA,C4,A2,Q2,A1_A2,Well_123
07H,FLD0124,ACGTCAGTAT,D4,A2,Q2,A1_A2,Well_124
07J,FLD0125,TCACAGCATA,E4,A2,Q2,A1_A2,Well_125
07L,FLD0126,ACTGCGTGTC,F4,A2,Q2,A1_A2,Well_126
07N,FLD0127,CGATCGACTG,G4,A2,Q2,A1_A2,Well_127
07P,FLD0128,GCGAGATGTA,H4,A2,Q2,A1_A2,Well_128
09B,FLD0129,CTGATGCAGA,A5,A2,Q2,A1_A2,Well_129
09D,FLD0130,GTGACGTACG,B5,A2,Q2,A1_A2,Well_130
09F,FLD0131,CGACGCTGAT,C5,A2,Q2,A1_A2,Well_131
09H,FLD0132,CTACGATCAG,D5,A2,Q2,A1_A2,Well_132
09J,FLD0133,GCACTAGACA,E5,A2,Q2,A1_A2,Well_133
09L,FLD0134,CTAGCAGATG,F5,A2,Q2,A1_A2,Well_134
09N,FLD0135,CATGATACGC,G5,A2,Q2,A1_A2,Well_135
09P,FLD0136,GCAGCTGTCA,H5,A2,Q2,A1_A2,Well_136
11B,FLD0137,ACGTATCATC,A6,A2,Q2,A1_A2,Well_137
11D,FLD0138,AGTATCGTAC,B6,A2,Q2,A1_A2,Well_138
11F,FLD0139,GATACACTGA,C6,A2,Q2,A1_A2,Well_139
11H,FLD0140,GACTAGTCAG,D6,A2,Q2,A1_A2,Well_140
11J,FLD0141,GATGACTACG,E6,A2,Q2,A1_A2,Well_141
11L,FLD0142,CAGAGAGTCA,F6,A2,Q2,A1_A2,Well_142
11N,FLD0143,TCGATCGACA,G6,A2,Q2,A1_A2,Well_143
11P,FLD0144,ACTGATGTAG,H6,A2,Q2,A1_A2,Well_144
13B,FLD0145,ACTCGATAGT,A7,A2,Q2,A1_A2,Well_145
13D,FLD0146,GACGATCGCA,B7,A2,Q2,A1_A2,Well_146
13F,FLD0147,TCATCATGCG,C7,A2,Q2,A1_A2,Well_147
13H,FLD0148,ACATGTCTGA,D7,A2,Q2,A1_A2,Well_148
13J,FLD0149,AGTCATCGCA,E7,A2,Q2,A1_A2,Well_149
13L,FLD0150,TAGCATACAG,F7,A2,Q2,A1_A2,Well_150
13N,FLD0151,AGAGTCGCGT,G7,A2,Q2,A1_A2,Well_151
13P,FLD0152,TCTACGACAT,H7,A2,Q2,A1_A2,Well_152
15B,FLD0153,CACGAGATGA,A8,A2,Q2,A1_A2,Well_153
15D,FLD0154,ACGCACATAT,B8,A2,Q2,A1_A2,Well_154
15F,FLD0155,ACGTGCTCTG,C8,A2,Q2,A1_A2,Well_155
15H,FLD0156,ACGATCACAT,D8,A2,Q2,A1_A2,Well_156
15J,FLD0157,AGTGTACTCA,E8,A2,Q2,A1_A2,Well_157
15L,FLD0158,TGATGTATGT,F8,A2,Q2,A1_A2,Well_158
15N,FLD0159,GATATATGTC,G8,A2,Q2,A1_A2,Well_159
15P,FLD0160,TAGTACTAGA,H8,A2,Q2,A1_A2,Well_160
17B,FLD0161,TATAGAGATC,A9,A2,Q2,A1_A2,Well_161
17D,FLD0162,TCGATATCTA,B9,A2,Q2,A1_A2,Well_162
17F,FLD0163,TACATGATAG,C9,A2,Q2,A1_A2,Well_163
17H,FLD0164,TGAGATCATA,D9,A2,Q2,A1_A2,Well_164
17J,FLD0165,CTACATACTA,E9,A2,Q2,A1_A2,Well_165
17L,FLD0166,ATCAGTGTAT,F9,A2,Q2,A1_A2,Well_166
17N,FLD0167,ATCATATCTC,G9,A2,Q2,A1_A2,Well_167
17P,FLD0168,AGTAGATCAT,H9,A2,Q2,A1_A2,Well_168
19B,FLD0169,ACATAGTATC,A10,A2,Q2,A1_A2,Well_169
19D,FLD0170,ATGTATAGTC,B10,A2,Q2,A1_A2,Well_170
19F,FLD0171,ACAGTCATAT,C10,A2,Q2,A1_A2,Well_171
19H,FLD0172,ACATATACGT,D10,A2,Q2,A1_A2,Well_172
19J,FLD0173,AGCATCTATA,E10,A2,Q2,A1_A2,Well_173
19L,FLD0174,AGACTATATC,F10,A2,Q2,A1_A2,Well_174
19N,FLD0175,CAGCATCTAG,G10,A2,Q2,A1_A2,Well_175
19P,FLD0176,CGAGACGACA,H10,A2,Q2,A1_A2,Well_176
21B,FLD0177,ATCACTCATA,A11,A2,Q2,A1_A2,Well_177
21D,FLD0178,AGCTCTGTGA,B11,A2,Q2,A1_A2,Well_178
21F,FLD0179,ATGTCATGCT,C11,A2,Q2,A1_A2,Well_179
21H,FLD0180,GCTGACAGAG,D11,A2,Q2,A1_A2,Well_180
21J,FLD0181,ATACAGTCTC,E11,A2,Q2,A1_A2,Well_181
21L,FLD0182,CATAGACGTG,F11,A2,Q2,A1_A2,Well_182
21N,FLD0183,AGAGATATCA,G11,A2,Q2,A1_A2,Well_183
21P,FLD0184,ATGCTGCGCT,H11,A2,Q2,A1_A2,Well_184
23B,FLD0185,AGTCAGACGC,A12,A2,Q2,A1_A2,Well_185
23D,FLD0186,ACGATACACT,B12,A2,Q2,A1_A2,Well_186
23F,FLD0187,AGCGAGTATG,C12,A2,Q2,A1_A2,Well_187
23H,FLD0188,ATCGCTACAT,D12,A2,Q2,A1_A2,Well_188
23J,FLD0189,ATGCTAGAGA,E12,A2,Q2,A1_A2,Well_189
23L,FLD0190,AGCAGTACTC,F12,A2,Q2,A1_A2,Well_190
23N,FLD0191,ATCTAGATCA,G12,A2,Q2,A1_A2,Well_191
23P,FLD0192,ATCGCATAGA,H12,A2,Q2,A1_A2,Well_192
01A,FLD0193,TTGTTGCTGT,A1,A3,Q1,A3_A4,Well_193
01C,FLD0194,GTGTGGTTGT,B1,A3,Q1,A3_A4,Well_194
01E,FLD0195,TAGGTGGAAT,C1,A3,Q1,A3_A4,Well_195
01G,FLD0196,TGTAGGTGGA,D1,A3,Q1,A3_A4,Well_196
01I,FLD0197,TTAGTGGTGA,E1,A3,Q1,A3_A4,Well_197
01K,FLD0198,GTGAAGGTAA,F1,A3,Q1,A3_A4,Well_198
01M,FLD0199,TGTTGTGGTA,G1,A3,Q1,A3_A4,Well_199
01O,FLD0200,GTTGATGAGT,H1,A3,Q1,A3_A4,Well_200
03A,FLD0201,GGTCAGTGTA,A2,A3,Q1,A3_A4,Well_201
03C,FLD0202,GTAATGGAGT,B2,A3,Q1,A3_A4,Well_202
03E,FLD0203,CTCGTTATTC,C2,A3,Q1,A3_A4,Well_203
03G,FLD0204,GGAAGTAAGG,D2,A3,Q1,A3_A4,Well_204
03I,FLD0205,CGGTGTGTGT,E2,A3,Q1,A3_A4,Well_205
03K,FLD0206,CGTCTTCTTA,F2,A3,Q1,A3_A4,Well_206
03M,FLD0207,TGTGAATCTC,G2,A3,Q1,A3_A4,Well_207
03O,FLD0208,CTAATCGTGT,H2,A3,Q1,A3_A4,Well_208
05A,FLD0209,CTCTTAGTTC,A3,A3,Q1,A3_A4,Well_209
05C,FLD0210,GGATAGGATC,B3,A3,Q1,A3_A4,Well_210
05E,FLD0211,GGTGTCTTGT,C3,A3,Q1,A3_A4,Well_211
05G,FLD0212,GATGGTTGTA,D3,A3,Q1,A3_A4,Well_212
05I,FLD0213,CCTCGTTGTT,E3,A3,Q1,A3_A4,Well_213
05K,FLD0214,GGTTGGAGTT,F3,A3,Q1,A3_A4,Well_214
05M,FLD0215,TGGTGTCCGT,G3,A3,Q1,A3_A4,Well_215
05O,FLD0216,CGTTAGCGTA,H3,A3,Q1,A3_A4,Well_216
07A,FLD0217,TACTAGGATC,A4,A3,Q1,A3_A4,Well_217
07C,FLD0218,GTCTCAATGT,B4,A3,Q1,A3_A4,Well_218
07E,FLD0219,GATGAGGTAT,C4,A3,Q1,A3_A4,Well_219
07G,FLD0220,GGTGTTAGTG,D4,A3,Q1,A3_A4,Well_220
07I,FLD0221,CATTCTCTGA,E4,A3,Q1,A3_A4,Well_221
07K,FLD0222,CATCTGGAGT,F4,A3,Q1,A3_A4,Well_222
07M,FLD0223,GAATGGAAGA,G4,A3,Q1,A3_A4,Well_223
07O,FLD0224,GGCTGTGATC,H4,A3,Q1,A3_A4,Well_224
09A,FLD0225,TGGTGCTGGA,A5,A3,Q1,A3_A4,Well_225
09C,FLD0226,TATGGTAAGG,B5,A3,Q1,A3_A4,Well_226
09E,FLD0227,GTTCGATTGT,C5,A3,Q1,A3_A4,Well_227
09G,FLD0228,GGTAGAATGA,D5,A3,Q1,A3_A4,Well_228
09I,FLD0229,TTCTCATCGT,E5,A3,Q1,A3_A4,Well_229
09K,FLD0230,CTCAATCGTA,F5,A3,Q1,A3_A4,Well_230
09M,FLD0231,CGCTAATGTA,G5,A3,Q1,A3_A4,Well_231
09O,FLD0232,GCGTCTGAAT,H5,A3,Q1,A3_A4,Well_232
11A,FLD0233,TTCTGTTGCC,A6,A3,Q1,A3_A4,Well_233
11C,FLD0234,TTGTCCTTGC,B6,A3,Q1,A3_A4,Well_234
11E,FLD0235,CCTGTGTAGA,C6,A3,Q1,A3_A4,Well_235
11G,FLD0236,GATAAGAAGG,D6,A3,Q1,A3_A4,Well_236
11I,FLD0237,CAGGTCACAT,E6,A3,Q1,A3_A4,Well_237
11K,FLD0238,GCCATGTCAT,F6,A3,Q1,A3_A4,Well_238
11M,FLD0239,TCTGCCTATA,G6,A3,Q1,A3_A4,Well_239
11O,FLD0240,CTTAGTTCGC,H6,A3,Q1,A3_A4,Well_240
13A,FLD0241,CGTAATGAGC,A7,A3,Q1,A3_A4,Well_241
13C,FLD0242,TTGCTTAGTC,B7,A3,Q1,A3_A4,Well_242
13E,FLD0243,TCTTGTTCAC,C7,A3,Q1,A3_A4,Well_243
13G,FLD0244,GTGGCTTCGT,D7,A3,Q1,A3_A4,Well_244
13I,FLD0245,TGTTCGATAG,E7,A3,Q1,A3_A4,Well_245
13K,FLD0246,TCATTCAGTG,F7,A3,Q1,A3_A4,Well_246
13M,FLD0247,GTGGAGAGCT,G7,A3,Q1,A3_A4,Well_247
13O,FLD0248,GTAGAAGTGG,H7,A3,Q1,A3_A4,Well_248
15A,FLD0249,TGGAGCATGT,A8,A3,Q1,A3_A4,Well_249
15C,FLD0250,GAAGGAGATA,B8,A3,Q1,A3_A4,Well_250
15E,FLD0251,CGAATGTATG,C8,A3,Q1,A3_A4,Well_251
15G,FLD0252,TCGTGAATGA,D8,A3,Q1,A3_A4,Well_252
15I,FLD0253,GAATAGCTGA,E8,A3,Q1,A3_A4,Well_253
15K,FLD0254,TTGTCACATC,F8,A3,Q1,A3_A4,Well_254
15M,FLD0255,CTGGAGGCTA,G8,A3,Q1,A3_A4,Well_255
15O,FLD0256,TGTCAGCTTA,H8,A3,Q1,A3_A4,Well_256
17A,FLD0257,GTTCTTCGTA,A9,A3,Q1,A3_A4,Well_257
17C,FLD0258,TTACACGTTC,B9,A3,Q1,A3_A4,Well_258
17E,FLD0259,GTAGCCAGTA,C9,A3,Q1,A3_A4,Well_259
17G,FLD0260,TGAGAAGGTA,D9,A3,Q1,A3_A4,Well_260
17I,FLD0261,CCATATGATC,E9,A3,Q1,A3_A4,Well_261
17K,FLD0262,CGATCCTATA,F9,A3,Q1,A3_A4,Well_262
17M,FLD0263,TGACTAGCTT,G9,A3,Q1,A3_A4,Well_263
17O,FLD0264,TAACTCTGCT,H9,A3,Q1,A3_A4,Well_264
19A,FLD0265,TCGAATGTGC,A10,A3,Q1,A3_A4,Well_265
19C,FLD0266,TCGCTGAACA,B10,A3,Q1,A3_A4,Well_266
19E,FLD0267,GCGTTATTGC,C10,A3,Q1,A3_A4,Well_267
19G,FLD0268,GAACTATCAC,D10,A3,Q1,A3_A4,Well_268
19I,FLD0269,TCGAGGTACT,E10,A3,Q1,A3_A4,Well_269
19K,FLD0270,TGCGGATGGT,F10,A3,Q1,A3_A4,Well_270
19M,FLD0271,TTCGAGCTAT,G10,A3,Q1,A3_A4,Well_271
19O,FLD0272,GGTCTGGTGT,H10,A3,Q1,A3_A4,Well_272
21A,FLD0273,CTAAGTCATG,A11,A3,Q1,A3_A4,Well_273
21C,FLD0274,TTGCAGATCA,B11,A3,Q1,A3_A4,Well_274
21E,FLD0275,CTGCGAATGT,C11,A3,Q1,A3_A4,Well_275
21G,FLD0276,CTGTTCTAGC,D11,A3,Q1,A3_A4,Well_276
21I,FLD0277,CACTTGTGTG,E11,A3,Q1,A3_A4,Well_277
21K,FLD0278,TGGATGACAT,F11,A3,Q1,A3_A4,Well_278
21M,FLD0279,GATCCTGAGC,G11,A3,Q1,A3_A4,Well_279
21O,FLD0280,GTCGGTCTGA,H11,A3,Q1,A3_A4,Well_280
23A,FLD0281,TGTTACGATC,A12,A3,Q1,A3_A4,Well_281
23C,FLD0282,GTCTTGGCTC,B12,A3,Q1,A3_A4,Well_282
23E,FLD0283,GGTCGTGCAT,C12,A3,Q1,A3_A4,Well_283
23G,FLD0284,CAGGCTCAGT,D12,A3,Q1,A3_A4,Well_284
23I,FLD0285,TAGCTTCACT,E12,A3,Q1,A3_A4,Well_285
23K,FLD0286,CAGATGTCCT,F12,A3,Q1,A3_A4,Well_286
23M,FLD0287,TTACGCAGTG,G12,A3,Q1,A3_A4,Well_287
23O,FLD0288,TTCGTTCCTG,H12,A3,Q1,A3_A4,Well_288
01B,FLD0289,CACTGCTTGA,A1,A4,Q2,A3_A4,Well_289
01D,FLD0290,TCTAGCGTGG,B1,A4,Q2,A3_A4,Well_290
01F,FLD0291,GCATAATCGC,C1,A4,Q2,A3_A4,Well_291
01H,FLD0292,GTCGTAACAC,D1,A4,Q2,A3_A4,Well_292
01J,FLD0293,GAGATTGCTA,E1,A4,Q2,A3_A4,Well_293
01L,FLD0294,GGACAGATGG,F1,A4,Q2,A3_A4,Well_294
01N,FLD0295,CTTACGTTGC,G1,A4,Q2,A3_A4,Well_295
01P,FLD0296,GTGTTCGGTC,H1,A4,Q2,A3_A4,Well_296
03B,FLD0297,CTCAAGAAGC,A2,A4,Q2,A3_A4,Well_297
03D,FLD0298,TCTCGGATAG,B2,A4,Q2,A3_A4,Well_298
03F,FLD0299,CTCTGGACGA,C2,A4,Q2,A3_A4,Well_299
03H,FLD0300,CGAGCATTGT,D2,A4,Q2,A3_A4,Well_300
03J,FLD0301,CCAAGAAGAA,E2,A4,Q2,A3_A4,Well_301
03L,FLD0302,TCCTTGTTCT,F2,A4,Q2,A3_A4,Well_302
03N,FLD0303,GTAACGATGT,G2,A4,Q2,A3_A4,Well_303
03P,FLD0304,TGGACTCAGA,H2,A4,Q2,A3_A4,Well_304
05B,FLD0305,GGCATCATGC,A3,A4,Q2,A3_A4,Well_305
05D,FLD0306,GTATAACGCT,B3,A4,Q2,A3_A4,Well_306
05F,FLD0307,GCAGATAAGT,C3,A4,Q2,A3_A4,Well_307
05H,FLD0308,GTCGGCTCTA,D3,A4,Q2,A3_A4,Well_308
05J,FLD0309,TTCGATAGCA,E3,A4,Q2,A3_A4,Well_309
05L,FLD0310,GTCTAGCAGG,F3,A4,Q2,A3_A4,Well_310
05N,FLD0311,GGAACACAGG,G3,A4,Q2,A3_A4,Well_311
05P,FLD0312,TGGTTCGCTG,H3,A4,Q2,A3_A4,Well_312
07B,FLD0313,CACATTAGCG,A4,A4,Q2,A3_A4,Well_313
07D,FLD0314,GAAGCGCACT,B4,A4,Q2,A3_A4,Well_314
07F,FLD0315,GCATGCCAGT,C4,A4,Q2,A3_A4,Well_315
07H,FLD0316,GGAGACTGTA,D4,A4,Q2,A3_A4,Well_316
07J,FLD0317,TCGAACTGCA,E4,A4,Q2,A3_A4,Well_317
07L,FLD0318,GAGAGGACAT,F4,A4,Q2,A3_A4,Well_318
07N,FLD0319,GAGCACGGAA,G4,A4,Q2,A3_A4,Well_319
07P,FLD0320,GCTCTAACAT,H4,A4,Q2,A3_A4,Well_320
09B,FLD0321,TGCTGGCTTG,A5,A4,Q2,A3_A4,Well_321
09D,FLD0322,TGCATGGAGC,B5,A4,Q2,A3_A4,Well_322
09F,FLD0323,GTACTAAGAG,C5,A4,Q2,A3_A4,Well_323
09H,FLD0324,GAAGTCAAGC,D5,A4,Q2,A3_A4,Well_324
09J,FLD0325,GCGCATTATG,E5,A4,Q2,A3_A4,Well_325
09L,FLD0326,GTCCAGACAT,F5,A4,Q2,A3_A4,Well_326
09N,FLD0327,GAGACCTCTA,G5,A4,Q2,A3_A4,Well_327
09P,FLD0328,TTGCACTCAG,H5,A4,Q2,A3_A4,Well_328
11B,FLD0329,TGCGGCGATA,A6,A4,Q2,A3_A4,Well_329
11D,FLD0330,AGTTGCTAGT,B6,A4,Q2,A3_A4,Well_330
11F,FLD0331,AGGATTGAGG,C6,A4,Q2,A3_A4,Well_331
11H,FLD0332,CCAGAACAGA,D6,A4,Q2,A3_A4,Well_332
11J,FLD0333,CGTCAAGCAT,E6,A4,Q2,A3_A4,Well_333
11L,FLD0334,TTGTCGAGAC,F6,A4,Q2,A3_A4,Well_334
11N,FLD0335,GACAGGTGAC,G6,A4,Q2,A3_A4,Well_335
11P,FLD0336,CTGACAAGTG,H6,A4,Q2,A3_A4,Well_336
13B,FLD0337,CACGAAGAGC,A7,A4,Q2,A3_A4,Well_337
13D,FLD0338,CATACCTGAT,B7,A4,Q2,A3_A4,Well_338
13F,FLD0339,GACGTGCTTC,C7,A4,Q2,A3_A4,Well_339
13H,FLD0340,ATTGTGGAGT,D7,A4,Q2,A3_A4,Well_340
13J,FLD0341,TCTGGTCTCA,E7,A4,Q2,A3_A4,Well_341
13L,FLD0342,AGGTAAGAGG,F7,A4,Q2,A3_A4,Well_342
13N,FLD0343,TCCTGACAGA,G7,A4,Q2,A3_A4,Well_343
13P,FLD0344,GCACTGTTGC,H7,A4,Q2,A3_A4,Well_344
15B,FLD0345,ACCATGAGTC,A8,A4,Q2,A3_A4,Well_345
15D,FLD0346,AATGCAGTGT,B8,A4,Q2,A3_A4,Well_346
15F,FLD0347,ATATGGTGGA,C8,A4,Q2,A3_A4,Well_347
15H,FLD0348,ACTCAGTTAC,D8,A4,Q2,A3_A4,Well_348
15J,FLD0349,AAGTGCGATG,E8,A4,Q2,A3_A4,Well_349
15L,FLD0350,CCACAGAGTG,F8,A4,Q2,A3_A4,Well_350
15N,FLD0351,AGTGGTGATC,G8,A4,Q2,A3_A4,Well_351
15P,FLD0352,ACTTCTTAGC,H8,A4,Q2,A3_A4,Well_352
17B,FLD0353,GCCACATATA,A9,A4,Q2,A3_A4,Well_353
17D,FLD0354,ACGCAGGAGT,B9,A4,Q2,A3_A4,Well_354
17F,FLD0355,AATATGCTGC,C9,A4,Q2,A3_A4,Well_355
17H,FLD0356,AAGCGTAGAA,D9,A4,Q2,A3_A4,Well_356
17J,FLD0357,GACAGCAAGC,E9,A4,Q2,A3_A4,Well_357
17L,FLD0358,CTGACCGAGA,F9,A4,Q2,A3_A4,Well_358
17N,FLD0359,CGCGACTTGT,G9,A4,Q2,A3_A4,Well_359
17P,FLD0360,CATCAACATG,H9,A4,Q2,A3_A4,Well_360
19B,FLD0361,TGGCTACGCT,A10,A4,Q2,A3_A4,Well_361
19D,FLD0362,ACGCGGACTA,B10,A4,Q2,A3_A4,Well_362
19F,FLD0363,AGAGGTCGGA,C10,A4,Q2,A3_A4,Well_363
19H,FLD0364,AATCGAGCGT,D10,A4,Q2,A3_A4,Well_364
19J,FLD0365,AAGTACACTC,E10,A4,Q2,A3_A4,Well_365
19L,FLD0366,AGCTGAATGA,F10,A4,Q2,A3_A4,Well_366
19N,FLD0367,ATGCCTATCA,G10,A4,Q2,A3_A4,Well_367
19P,FLD0368,ACTGTAGGAC,H10,A4,Q2,A3_A4,Well_368
21B,FLD0369,ATAGCCGTGT,A11,A4,Q2,A3_A4,Well_369
21D,FLD0370,TCACGACGAA,B11,A4,Q2,A3_A4,Well_370
21F,FLD0371,ATCTGTCCAT,C11,A4,Q2,A3_A4,Well_371
21H,FLD0372,ACTTAGAGAG,D11,A4,Q2,A3_A4,Well_372
21J,FLD0373,AGTGGCAGGT,E11,A4,Q2,A3_A4,Well_373
21L,FLD0374,ATGAGGTCGT,F11,A4,Q2,A3_A4,Well_374
21N,FLD0375,AGGAGAAGGA,G11,A4,Q2,A3_A4,Well_375
21P,FLD0376,ACAACTGCAA,H11,A4,Q2,A3_A4,Well_376
23B,FLD0377,ATTAGCGAGT,A12,A4,Q2,A3_A4,Well_377
23D,FLD0378,ACAACGAACA,B12,A4,Q2,A3_A4,Well_378
23F,FLD0379,AGAGCGCCAA,C12,A4,Q2,A3_A4,Well_379
23H,FLD0380,AGGTAGCTCA,D12,A4,Q2,A3_A4,Well_380
23J,FLD0381,AACGCCAAGA,E12,A4,Q2,A3_A4,Well_381
23L,FLD0382,AAGGTATGAG,F12,A4,Q2,A3_A4,Well_382
23N,FLD0383,ATGGAGCACT,G12,A4,Q2,A3_A4,Well_383
23P,FLD0384,ACGGTGCTAG,H12,A4,Q2,A3_A4,Well_384