OligodT_barcode_name,OligodT_barcode_sequence,OligodT_barcode_plate,Index,Quadrant
HT001,CATATTCCTGGTGG,A1_A2,01A,Q1
HT002,ACAACAAGGTTCGG,A1_A2,01C,Q1
HT003,TCGGTGAGGATTGG,A1_A2,01E,Q1
HT004,GACAACATCAGCGG,A1_A2,01G,Q1
HT005,ATATTGCAACCTGG,A1_A2,01I,Q1
HT006,TTGGAACCTTGCCG,A1_A2,01K,Q1
HT007,GTTATAGCTTGTCG,A1_A2,01M,Q1
HT008,GAGGTATGGTCTTG,A1_A2,01O,Q1
HT009,AGCTCATAAGTGAG,A1_A2,03A,Q1
HT010,GAGAAGTAATCCAG,A1_A2,03C,Q1
HT011,GGAATTCGCTTCGG,A1_A2,03E,Q1
HT012,TGATTCCTAGGCGG,A1_A2,03G,Q1
HT013,CCTTCTCCATCCTG,A1_A2,03I,Q1
HT014,CGCGAATTGATTAG,A1_A2,03K,Q1
HT015,TTAGGCGTTGGTGG,A1_A2,03M,Q1
HT016,ACAAGTCTCACGTG,A1_A2,03O,Q1
HT017,AGACGGAGTTGTGG,A1_A2,05A,Q1
HT018,ACATGAGTGTTCTG,A1_A2,05C,Q1
HT019,AATCCTTCGTGTGG,A1_A2,05E,Q1
HT020,CTCTCCAAGACTGG,A1_A2,05G,Q1
HT021,CCAAGCGAACCTTG,A1_A2,05I,Q1
HT022,TACTACGGTTACGG,A1_A2,05K,Q1
HT023,CACGTGCATACTGG,A1_A2,05M,Q1
HT024,TATAGGCAACGCGG,A1_A2,05O,Q1
HT025,ATATGAAGGCTTGG,A1_A2,07A,Q1
HT026,CCTTAGATCCTCCG,A1_A2,07C,Q1
HT027,TACATAAGCCTTCG,A1_A2,07E,Q1
HT028,GCCAGGAAGTCTTG,A1_A2,07G,Q1
HT029,AGCAAGACTAGCGG,A1_A2,07I,Q1
HT030,AGCCTTGGATCTGG,A1_A2,07K,Q1
HT031,TGAGATCCACCTCG,A1_A2,07M,Q1
HT032,GTCCAGTAGTATGG,A1_A2,07O,Q1
HT033,TTATACTCCTTGCG,A1_A2,09A,Q1
HT034,TCCTTGGTACGTGG,A1_A2,09C,Q1
HT035,AGGCAATCAGGTGG,A1_A2,09E,Q1
HT036,TCTAAGCGGTCTTG,A1_A2,09G,Q1
HT037,GAGGCTTAACTTGG,A1_A2,09I,Q1
HT038,TGACAGGACTTCGG,A1_A2,09K,Q1
HT039,GGAGCACTAGCTTG,A1_A2,09M,Q1
HT040,ATGTTATCTCGTGG,A1_A2,09O,Q1
HT041,AGCTAATGTTGTCG,A1_A2,11A,Q1
HT042,GGAACGATATTCAG,A1_A2,11C,Q1
HT043,TATGGTGGACCTGG,A1_A2,11E,Q1
HT044,GCATGTATTACCGG,A1_A2,11G,Q1
HT045,ACACGCTACTTCGG,A1_A2,11I,Q1
HT046,TTGTCAAGTGGCGG,A1_A2,11K,Q1
HT047,AGGTATGTATACGG,A1_A2,11M,Q1
HT048,GCAAGTACACATAG,A1_A2,11O,Q1
HT049,TTGCGAGTCTCCTG,A1_A2,13A,Q1
HT050,CAATCCACACTCCG,A1_A2,13C,Q1
HT051,ACACTTCGCCTTGG,A1_A2,13E,Q1
HT052,GTATATAACTCCGG,A1_A2,13G,Q1
HT053,CGTCATTCTTGCGG,A1_A2,13I,Q1
HT054,ACAGAATCGTCCGG,A1_A2,13K,Q1
HT055,TTACTGGCTAGCGG,A1_A2,13M,Q1
HT056,GTAATGCCGTGTAG,A1_A2,13O,Q1
HT057,CGCGATAACGATCG,A1_A2,15A,Q1
HT058,TCTCTGGTAGCTAG,A1_A2,15C,Q1
HT059,ATTGGTTATGACGG,A1_A2,15E,Q1
HT060,CAACCATTGCTTGG,A1_A2,15G,Q1
HT061,GCTAATTCCACTCG,A1_A2,15I,Q1
HT062,ACTAGTCCTTGGCG,A1_A2,15K,Q1
HT063,GACAATCTTCTTGG,A1_A2,15M,Q1
HT064,AGGTCACTGCCTTG,A1_A2,15O,Q1
HT065,TTCTGCGCCATTCG,A1_A2,17A,Q1
HT066,CCTCGAGAATGTGG,A1_A2,17C,Q1
HT067,GAGTTCTTGTGCGG,A1_A2,17E,Q1
HT068,ACCATGTCGTTCCG,A1_A2,17G,Q1
HT069,TATAATTGCCGCGG,A1_A2,17I,Q1
HT070,TAGAAGATTGTCGG,A1_A2,17K,Q1
HT071,GATGTGGACTTCCG,A1_A2,17M,Q1
HT072,AACCTGGAACGCTG,A1_A2,17O,Q1
HT073,CTGAACGTGGCTTG,A1_A2,19A,Q1
HT074,GAGGATATACTGAG,A1_A2,19C,Q1
HT075,GTTCAACTATACGG,A1_A2,19E,Q1
HT076,CAGCATTGTACGTG,A1_A2,19G,Q1
HT077,CCAACTTCGGTCTG,A1_A2,19I,Q1
HT078,TCTTGCATCTTCGG,A1_A2,19K,Q1
HT079,TTGCTAAGATACGG,A1_A2,19M,Q1
HT080,AGAACACCATCCGG,A1_A2,19O,Q1
HT081,CAGTCAGAACATGG,A1_A2,21A,Q1
HT082,ATTGGCTGCTGTGG,A1_A2,21C,Q1
HT083,AACACCAATTACGG,A1_A2,21E,Q1
HT084,AACAGTACCTGCGG,A1_A2,21G,Q1
HT085,GATAGTTGATACGG,A1_A2,21I,Q1
HT086,ATAAGGCATAGTGG,A1_A2,21K,Q1
HT087,TTGTTGACACTTGG,A1_A2,21M,Q1
HT088,CATTACCGCTTCGG,A1_A2,21O,Q1
HT089,GTATCACGCGGTTG,A1_A2,23A,Q1
HT090,AGCATCCAACATGG,A1_A2,23C,Q1
HT091,CGTCTTCGACTTCC,A1_A2,23E,Q1
HT092,TCAACTCGACAGCC,A1_A2,23G,Q1
HT093,AAGGCGACAGTCTC,A1_A2,23I,Q1
HT094,GACTGAAGATCTCC,A1_A2,23K,Q1
HT095,CTAGCTAATGCTCC,A1_A2,23M,Q1
HT096,CAGGTACTTATGTC,A1_A2,23O,Q1
HT097,TGCTGTCAGATTGC,A1_A2,01B,Q2
HT098,CTATTGCCTTCGCC,A1_A2,01D,Q2
HT099,CAGAGGCTGTTGTC,A1_A2,01F,Q2
HT100,ATGAGTAGACCTTC,A1_A2,01H,Q2
HT101,ACCGTTAAGTCGCC,A1_A2,01J,Q2
HT102,ATCTGTGGTTCTAC,A1_A2,01L,Q2
HT103,ACCAAGGAACATAC,A1_A2,01N,Q2
HT104,TTCGTTAACTGTCC,A1_A2,01P,Q2
HT105,ATGCTCTAACCTCC,A1_A2,03B,Q2
HT106,TGACTCAAGCGTGC,A1_A2,03D,Q2
HT107,TTAACCGGAGTTCC,A1_A2,03F,Q2
HT108,GACACGTGTTCTCC,A1_A2,03H,Q2
HT109,TGTGCGGTTCGTTC,A1_A2,03J,Q2
HT110,AAGCGCCATGGTTC,A1_A2,03L,Q2
HT111,TCAGAGGTAGTTAC,A1_A2,03N,Q2
HT112,GTTGGTTAGTCTTC,A1_A2,03P,Q2
HT113,CATTACTATACCGC,A1_A2,05B,Q2
HT114,CGACAACTACTGCC,A1_A2,05D,Q2
HT115,ATACCTCAAGGTCC,A1_A2,05F,Q2
HT116,CAAGGTCTTCCTCC,A1_A2,05H,Q2
HT117,CCAATTGAGCGCTC,A1_A2,05J,Q2
HT118,ACACTACCGTGTCC,A1_A2,05L,Q2
HT119,AATAGTTGCGTTGC,A1_A2,05N,Q2
HT120,CAATTCAGTAGCAC,A1_A2,05P,Q2
HT121,AACCACGATAGGCC,A1_A2,07B,Q2
HT122,GCTAGAGACTCTTC,A1_A2,07D,Q2
HT123,GTTAGGAAGTTCAC,A1_A2,07F,Q2
HT124,TTGATCCGTTCTTC,A1_A2,07H,Q2
HT125,GGTTAGTAGATTCC,A1_A2,07J,Q2
HT126,CCGGACTAACCTTC,A1_A2,07L,Q2
HT127,TAGTTGGTACCTTC,A1_A2,07N,Q2
HT128,AGAGCGATCGTTGC,A1_A2,07P,Q2
HT129,AAGAGTTCTACCAC,A1_A2,09B,Q2
HT130,ATAATAAGCACGCC,A1_A2,09D,Q2
HT131,GACCTAACTAGCGC,A1_A2,09F,Q2
HT132,CTTCTAGAGGTTCC,A1_A2,09H,Q2
HT133,AGCATGGACTCTCC,A1_A2,09J,Q2
HT134,TTCCAGATACCTTC,A1_A2,09L,Q2
HT135,ATAAGACACTCTGC,A1_A2,09N,Q2
HT136,GAATTCTCGATTCC,A1_A2,09P,Q2
HT137,GTCAATTCACCTAC,A1_A2,11B,Q2
HT138,GGTATTAAGACGTC,A1_A2,11D,Q2
HT139,TCTCACTTCACTCC,A1_A2,11F,Q2
HT140,TGTTCACCTGCGTC,A1_A2,11H,Q2
HT141,TGTAACTAGTTGCC,A1_A2,11J,Q2
HT142,GGTCTACTGTTCGC,A1_A2,11L,Q2
HT143,TTCCTCTAATCGAC,A1_A2,11N,Q2
HT144,GAGTCCGATCTCTC,A1_A2,11P,Q2
HT145,GGTGGATAAGTTCC,A1_A2,13B,Q2
HT146,CCTCCTGAATAGAC,A1_A2,13D,Q2
HT147,TAATTGCAATCCGC,A1_A2,13F,Q2
HT148,AATACTGACGCTCC,A1_A2,13H,Q2
HT149,AAGTATTCCACTCC,A1_A2,13J,Q2
HT150,AGGCAGCTAAGTCC,A1_A2,13L,Q2
HT151,GTATACTCTCAGTC,A1_A2,13N,Q2
HT152,TATCGGTTGCCTCC,A1_A2,13P,Q2
HT153,TGGCCTGTACTGTC,A1_A2,15B,Q2
HT154,TACACCTTATTGCC,A1_A2,15D,Q2
HT155,ATACATGACTTGCC,A1_A2,15F,Q2
HT156,TCCGCTTGGTTGTC,A1_A2,15H,Q2
HT157,TCCATGCAATTGTC,A1_A2,15J,Q2
HT158,TCCATACGGAGTCC,A1_A2,15L,Q2
HT159,TGACTCTTCTCGCC,A1_A2,15N,Q2
HT160,ACTTCAATTCTGCC,A1_A2,15P,Q2
HT161,TTCACTATTGAGCC,A1_A2,17B,Q2
HT162,AGAGGAACCGCTTC,A1_A2,17D,Q2
HT163,AGAAGTCAAGGCGC,A1_A2,17F,Q2
HT164,ATCGGATAAGATGC,A1_A2,17H,Q2
HT165,GCGCAATAGTCTCC,A1_A2,17J,Q2
HT166,AATACGCCATATCC,A1_A2,17L,Q2
HT167,ACCTCGTAGCTCTC,A1_A2,17N,Q2
HT168,AACCAGACTTCTCC,A1_A2,17P,Q2
HT169,TAGGTTCGAGCTCC,A1_A2,19B,Q2
HT170,CGATCGGATCATCC,A1_A2,19D,Q2
HT171,CGTCAAGCATCTCC,A1_A2,19F,Q2
HT172,GGATTATTGGCGCC,A1_A2,19H,Q2
HT173,GCGAGGTCGTATTC,A1_A2,19J,Q2
HT174,CTGGCGGAACATAC,A1_A2,19L,Q2
HT175,CATGGCCAATAGCC,A1_A2,19N,Q2
HT176,TCTCGAGGATATTC,A1_A2,19P,Q2
HT177,CTGTGGACCATGTC,A1_A2,21B,Q2
HT178,TAACTTAAGACCGC,A1_A2,21D,Q2
HT179,GTTGCCTTATGGCC,A1_A2,21F,Q2
HT180,GTGATCAATGCCTC,A1_A2,21H,Q2
HT181,CAAGGATCTGCGAA,A1_A2,21J,Q2
HT182,GCTTCACACTCCAA,A1_A2,21L,Q2
HT183,AGGAAGAACCTTGA,A1_A2,21N,Q2
HT184,CTCGCTAACAAGAA,A1_A2,21P,Q2
HT185,TCTGGACTCTGTTA,A1_A2,23B,Q2
HT186,TATTGAGAGCGGAA,A1_A2,23D,Q2
HT187,AACTCTCCGGAGAA,A1_A2,23F,Q2
HT188,GAACAGTGGACCAA,A1_A2,23H,Q2
HT189,AGGTGTAATGTGGA,A1_A2,23J,Q2
HT190,GCGCTTGTCGACAA,A1_A2,23L,Q2
HT191,GCTCCGTCACACAA,A1_A2,23N,Q2
HT192,GTCATTGGTCCGAA,A1_A2,23P,Q2
HT193,AATATCTTCGGCCA,A3_A4,01A,Q1
HT194,AGTGGCGTTAACAA,A3_A4,01C,Q1
HT195,GTGTCCGGCATTGA,A3_A4,01E,Q1
HT196,CAACCGGAGAAGAA,A3_A4,01G,Q1
HT197,CTCAGGACTTAGTA,A3_A4,01I,Q1
HT198,GCTTAGACTAGCTA,A3_A4,01K,Q1
HT199,GCAGATTAGTGTCA,A3_A4,01M,Q1
HT200,GGTTGGTGGCTTAA,A3_A4,01O,Q1
HT201,CTAAGAACACCGAA,A3_A4,03A,Q1
HT202,TTAGACGTCTACGA,A3_A4,03C,Q1
HT203,GGACCTCGTGAGAA,A3_A4,03E,Q1
HT204,GGAAGTTGAGGTAA,A3_A4,03G,Q1
HT205,ACATTGTCCACCAA,A3_A4,03I,Q1
HT206,ATCGCGCCAACCAA,A3_A4,03K,Q1
HT207,GCGAAGTCCGAGAA,A3_A4,03M,Q1
HT208,ATTAGGAGCTCGAA,A3_A4,03O,Q1
HT209,GCGTGACGCAGTAA,A3_A4,05A,Q1
HT210,GGATCCTTAGACAA,A3_A4,05C,Q1
HT211,CATCAATGCGGCAA,A3_A4,05E,Q1
HT212,AAGGCCACTAACAA,A3_A4,05G,Q1
HT213,GGTACCGAAGAGAA,A3_A4,05I,Q1
HT214,CGATCAGGTCGGAA,A3_A4,05K,Q1
HT215,ACAACATGCTCCTA,A3_A4,05M,Q1
HT216,GAGACAAGCGATAA,A3_A4,05O,Q1
HT217,GAAGCATAGGAGAA,A3_A4,07A,Q1
HT218,CACCTCCATGTGTA,A3_A4,07C,Q1
HT219,CGCATGCTATAGAA,A3_A4,07E,Q1
HT220,TGGTCGATCTTGAA,A3_A4,07G,Q1
HT221,TAGATCTCGCAGAA,A3_A4,07I,Q1
HT222,TAGTGAGCTAGTCA,A3_A4,07K,Q1
HT223,CCTGTGAGCCGTTA,A3_A4,07M,Q1
HT224,CGACGACTCAGGAA,A3_A4,07O,Q1
HT225,ATCTTGACGGCGAA,A3_A4,09A,Q1
HT226,CTCTTGGTGTTCAA,A3_A4,09C,Q1
HT227,TCGGTACTAAGGAA,A3_A4,09E,Q1
HT228,ACCTGGTGATACAA,A3_A4,09G,Q1
HT229,ATGAGCGCATATCA,A3_A4,09I,Q1
HT230,CTATACAGTGCGTA,A3_A4,09K,Q1
HT231,GAGAGAAGGTTGTA,A3_A4,09M,Q1
HT232,CTGGAGAGGTACAA,A3_A4,09O,Q1
HT233,TTATACGATCGCCA,A3_A4,11A,Q1
HT234,CTCGAATCCTACAA,A3_A4,11C,Q1
HT235,AAGAGGTCGGCTAA,A3_A4,11E,Q1
HT236,AACAAGCTCCGCAA,A3_A4,11G,Q1
HT237,CAGGTCCTGAAGAA,A3_A4,11I,Q1
HT238,ATTCTTGCTCCTGA,A3_A4,11K,Q1
HT239,ATGAAGGTCTGTGA,A3_A4,11M,Q1
HT240,TTGTCGGCCGAGAA,A3_A4,11O,Q1
HT241,GGCTTAGCGGAGAA,A3_A4,13A,Q1
HT242,TGGACGTCGATTAA,A3_A4,13C,Q1
HT243,GTGGTAGCCTAGAA,A3_A4,13E,Q1
HT244,TCTTCGTATCGCAA,A3_A4,13G,Q1
HT245,AAGTGGTGTTCCTA,A3_A4,13I,Q1
HT246,GGAAGGTCATACAA,A3_A4,13K,Q1
HT247,GATTCGGTCCGCTA,A3_A4,13M,Q1
HT248,ACACGTATGTGTGA,A3_A4,13O,Q1
HT249,GCAGTTGCTAGTAA,A3_A4,15A,Q1
HT250,GTGTTGTCGCGGAA,A3_A4,15C,Q1
HT251,CGCTGGTAATGTAA,A3_A4,15E,Q1
HT252,CAGCTGTGAATCAA,A3_A4,15G,Q1
HT253,TCGCGTTGCCAGAA,A3_A4,15I,Q1
HT254,TGCACTCTACCTTA,A3_A4,15K,Q1
HT255,CTGAGCTTGTTCAA,A3_A4,15M,Q1
HT256,TATCGGACGTACAA,A3_A4,15O,Q1
HT257,CAGCCAATAAGGAA,A3_A4,17A,Q1
HT258,GGTTCTATAGCCTA,A3_A4,17C,Q1
HT259,CTTACTGGTGCCAA,A3_A4,17E,Q1
HT260,ACATCTTGAGCTGA,A3_A4,17G,Q1
HT261,GATCTAACCGAGAA,A3_A4,17I,Q1
HT262,GAAGCCTAATCCAA,A3_A4,17K,Q1
HT263,AGTAACGGTTGGTA,A3_A4,17M,Q1
HT264,CCTCTTCCTATCAA,A3_A4,17O,Q1
HT265,GAGAGGCGACACAA,A3_A4,19A,Q1
HT266,CGAATCGCAAGGAA,A3_A4,19C,Q1
HT267,TGACTCGTTGGTTA,A3_A4,19E,Q1
HT268,TCCTAGGAGAAGAA,A3_A4,19G,Q1
HT269,TCGTGATGTGTGTA,A3_A4,19I,Q1
HT270,TCTGTGCACCAGAA,A3_A4,19K,Q1
HT271,GTCTTACGCCGCTA,A3_A4,19M,Q1
HT272,CTTGTACTTCCAGA,A3_A4,19O,Q1
HT273,ATAGTGGTCGTAGA,A3_A4,21A,Q1
HT274,GCACAACTTGTAGA,A3_A4,21C,Q1
HT275,AAGAGCCTTGTAGA,A3_A4,21E,Q1
HT276,GACCTGTCATTAGA,A3_A4,21G,Q1
HT277,CTGTCGTAATGACA,A3_A4,21I,Q1
HT278,TATCTCGGTACACA,A3_A4,21K,Q1
HT279,TGATTGCTTGCACA,A3_A4,21M,Q1
HT280,ATTACCTCTCCACA,A3_A4,21O,Q1
HT281,GGTATCCAATCACA,A3_A4,23A,Q1
HT282,AGACGAGACTCACA,A3_A4,23C,Q1
HT283,ACCTTCTTCTCACA,A3_A4,23E,Q1
HT284,GCATCAAGAGTACA,A3_A4,23G,Q1
HT285,TAGTCCTTCCTACA,A3_A4,23I,Q1
HT286,CTTGGCCTATTACA,A3_A4,23K,Q1
HT287,CGCGACAAGTTACA,A3_A4,23M,Q1
HT288,GTGCTTGAGTTACA,A3_A4,23O,Q1
HT289,AACAGACCGTTACA,A3_A4,01B,Q2
HT290,GTGCCTCACCGATA,A3_A4,01D,Q2
HT291,TTGCGCCTCACATA,A3_A4,01F,Q2
HT292,ACCGCGAAGATATA,A3_A4,01H,Q2
HT293,CAGGACCGTATATA,A3_A4,01J,Q2
HT294,TTATCTAGACGAGG,A3_A4,01L,Q2
HT295,TAACCGTAATGAGG,A3_A4,01N,Q2
HT296,ACTAAGCTGACAGG,A3_A4,01P,Q2
HT297,GTTATGCTACCAGG,A3_A4,03B,Q2
HT298,CCATGAGTAATAGG,A3_A4,03D,Q2
HT299,ACGGTTCAGATAGG,A3_A4,03F,Q2
HT300,TGACGGAGGATAGG,A3_A4,03H,Q2
HT301,ACTATCGCGCTAGG,A3_A4,03J,Q2
HT302,ATTGGAGCATTAGG,A3_A4,03L,Q2
HT303,ATGCAGAGCTGACG,A3_A4,03N,Q2
HT304,ATTGTATCACCACG,A3_A4,03P,Q2
HT305,GTAAGTCCTATACG,A3_A4,05B,Q2
HT306,TTCATGACCAGATG,A3_A4,05D,Q2
HT307,ACCGACTGATTATG,A3_A4,05F,Q2
HT308,AATAACCTAGCAGC,A3_A4,05H,Q2
HT309,TAAGACAAGACACC,A3_A4,05J,Q2
HT310,GTATTCTTACCACC,A3_A4,05L,Q2
HT311,AGACTTCAGATACC,A3_A4,05N,Q2
HT312,CGAACGCTCACATC,A3_A4,05P,Q2
HT313,GACAGGAGAGAGAT,A3_A4,07B,Q2
HT314,CCAGTCCAACAGAT,A3_A4,07D,Q2
HT315,CAGAATGGACAGAT,A3_A4,07F,Q2
HT316,GTTCGCAGGCAGAT,A3_A4,07H,Q2
HT317,CATGCGAGTCGGAT,A3_A4,07J,Q2
HT318,GGAACGAGGACGAT,A3_A4,07L,Q2
HT319,GTCAGTTCGATGAT,A3_A4,07N,Q2
HT320,GGTCGGTCCATCAT,A3_A4,07P,Q2
HT321,TCGCTGAACCATAT,A3_A4,09B,Q2
HT322,CGCCGGCACTATAT,A3_A4,09D,Q2
HT323,GGCACCGCGATTAT,A3_A4,09F,Q2
HT324,CTGCATCAGGTTAT,A3_A4,09H,Q2
HT325,CGGAAGCCACTTAT,A3_A4,09J,Q2
HT326,AGTCCACTAGGCGT,A3_A4,09L,Q2
HT327,TTGGTCTGGTGCGT,A3_A4,09N,Q2
HT328,CTCACCGTGATCGT,A3_A4,09P,Q2
HT329,TAACAAGTGCTCGT,A3_A4,11B,Q2
HT330,GGATTCCAGTTCGT,A3_A4,11D,Q2
HT331,AGTTGATGAGGTGT,A3_A4,11F,Q2
HT332,GCTTGAAGGCGTGT,A3_A4,11H,Q2
HT333,GCCATAGAACCTGT,A3_A4,11J,Q2
HT334,CGAATCTTACCTGT,A3_A4,11L,Q2
HT335,CTGCCAGAAGTTGT,A3_A4,11N,Q2
HT336,GGTCCAACCGTTGT,A3_A4,11P,Q2
HT337,CATTCCTCTGTTGT,A3_A4,13B,Q2
HT338,GCTCCTCGACTTGT,A3_A4,13D,Q2
HT339,CACCAACACCTTGT,A3_A4,13F,Q2
HT340,ACACCGGTTCTTGT,A3_A4,13H,Q2
HT341,ACAGCAGGCAGACT,A3_A4,13J,Q2
HT342,ATGGCGTGATCGCT,A3_A4,13L,Q2
HT343,GTCGTCGTAGTGCT,A3_A4,13N,Q2
HT344,GTGTCGTCACACCT,A3_A4,13P,Q2
HT345,CTTGACGAACGCCT,A3_A4,15B,Q2
HT346,TCTTGAAGCCTCCT,A3_A4,15D,Q2
HT347,CACATAACCAGTCT,A3_A4,15F,Q2
HT348,GAATTGCGGCGTCT,A3_A4,15H,Q2
HT349,GACGTTCAGCCTCT,A3_A4,15J,Q2
HT350,TTACCGTGGCCTCT,A3_A4,15L,Q2
HT351,GGCATACACGTTCT,A3_A4,15N,Q2
HT352,CGTATCGTTGTTCT,A3_A4,15P,Q2
HT353,CCATGGCCACTTCT,A3_A4,17B,Q2
HT354,CTTCGGTCTCTTCT,A3_A4,17D,Q2
HT355,AGTTGTGCCACATT,A3_A4,17F,Q2
HT356,CCGGCGCCAATATT,A3_A4,17H,Q2
HT357,GGCGAGAGGTTATT,A3_A4,17J,Q2
HT358,CCACCGAAGGAGTT,A3_A4,17L,Q2
HT359,GCCTTCCAATAGTT,A3_A4,17N,Q2
HT360,TTGCCGTACCGGTT,A3_A4,17P,Q2
HT361,GGTAGCCTGTGGTT,A3_A4,19B,Q2
HT362,GCTCGTCATGCGTT,A3_A4,19D,Q2
HT363,GTATTGTAGCCGTT,A3_A4,19F,Q2
HT364,TGGTTCATGTCGTT,A3_A4,19H,Q2
HT365,AGGAGGTGCATGTT,A3_A4,19J,Q2
HT366,AAGGAGCAGGTGTT,A3_A4,19L,Q2
HT367,GAGAACCGTGTGTT,A3_A4,19N,Q2
HT368,CCGGATGCACTGTT,A3_A4,19P,Q2
HT369,GGACGGAGACACTT,A3_A4,21B,Q2
HT370,CCTCACCTACGCTT,A3_A4,21D,Q2
HT371,ATTGTGGCGCGCTT,A3_A4,21F,Q2
HT372,AAGTCTGTCTGCTT,A3_A4,21H,Q2
HT373,GGAGTTAACACCTT,A3_A4,21J,Q2
HT374,GCGAGATGTGCCTT,A3_A4,21L,Q2
HT375,TCGAGCACATCCTT,A3_A4,21N,Q2
HT376,GCATCCTTATCCTT,A3_A4,21P,Q2
HT377,CATCCGGAGATCTT,A3_A4,23B,Q2
HT378,GTTACACCGATCTT,A3_A4,23D,Q2
HT379,AGTTGACGCATCTT,A3_A4,23F,Q2
HT380,CTTGTCACAGTCTT,A3_A4,23H,Q2
HT381,GCTGTCGAGGTCTT,A3_A4,23J,Q2
HT382,CTCCACTGACTCTT,A3_A4,23L,Q2
HT383,GAACATTGGCTCTT,A3_A4,23N,Q2
HT384,GGCGAGTACCTCTT,A3_A4,23P,Q2